{"nm":"12 - Returns","mn":"","layers":[{"ty":4,"nm":"Controller","mn":"","sr":1,"st":0,"op":150,"ip":0,"hd":false,"cl":"","ln":"","ddd":0,"bm":0,"tt":0,"hasMask":false,"td":1,"ao":0,"ks":{"a":{"a":0,"k":[0,0,0],"ix":1},"s":{"a":0,"k":[100,100,100],"ix":6},"sk":{"a":0,"k":0},"p":{"a":0,"k":[250,250,0],"ix":2},"sa":{"a":0,"k":0},"o":{"a":0,"k":100,"ix":11},"r":{"a":0,"k":0,"ix":10}},"ef":[{"ty":5,"mn":"ADBE Color Control","nm":"Color","ix":1,"en":1,"ef":[{"ty":2,"mn":"ADBE Color Control-0001","nm":"Color","ix":1,"v":{"a":0,"k":[0.5608,0.8078,0.9529],"ix":1}}]},{"ty":5,"mn":"ADBE Color Control","nm":"Color 2","ix":2,"en":1,"ef":[{"ty":2,"mn":"ADBE Color Control-0001","nm":"Color","ix":1,"v":{"a":0,"k":[0.6078,0.8392,0.9725],"ix":1}}]},{"ty":5,"mn":"ADBE Color Control","nm":"Color 3","ix":3,"en":1,"ef":[{"ty":2,"mn":"ADBE Color Control-0001","nm":"Color","ix":1,"v":{"a":0,"k":[0.9882,0.6157,0.051],"ix":1}}]},{"ty":5,"mn":"ADBE Color Control","nm":"Color 4","ix":4,"en":1,"ef":[{"ty":2,"mn":"ADBE Color Control-0001","nm":"Color","ix":1,"v":{"a":0,"k":[0.9843,0.5922,0],"ix":1}}]},{"ty":5,"mn":"ADBE Color Control","nm":"Color 5","ix":5,"en":1,"ef":[{"ty":2,"mn":"ADBE Color Control-0001","nm":"Color","ix":1,"v":{"a":0,"k":[0.5412,0.7882,0.9294],"ix":1}}]},{"ty":5,"mn":"ADBE Color Control","nm":"Color 6","ix":6,"en":1,"ef":[{"ty":2,"mn":"ADBE Color Control-0001","nm":"Color","ix":1,"v":{"a":0,"k":[0.051,0.2941,0.698],"ix":1}}]}],"shapes":[],"ind":0,"completed":true},{"ty":4,"nm":"Coin","mn":"","sr":1,"st":-20,"op":115,"ip":55,"hd":false,"cl":"","ln":"","ddd":0,"bm":0,"tt":1,"hasMask":false,"td":0,"ao":0,"ks":{"a":{"a":0,"k":[250,175,0],"ix":1},"s":{"a":0,"k":[100,100,100],"ix":6},"sk":{"a":0,"k":0},"p":{"a":0,"k":[250,250,0],"ix":2},"sa":{"a":0,"k":0},"o":{"a":0,"k":100,"ix":11},"r":{"a":0,"k":0,"ix":10}},"ef":[],"shapes":[{"ty":"gr","bm":0,"cl":"","ln":"","hd":false,"mn":"ADBE Vector Group","nm":"Dollar","ix":1,"cix":2,"np":3,"it":[{"ty":"gr","bm":0,"cl":"","ln":"","hd":false,"mn":"ADBE Vector Group","nm":"Group 1","ix":1,"cix":2,"np":2,"it":[{"ty":"sh","bm":0,"cl":"","ln":"","hd":false,"mn":"ADBE Vector Shape - Group","nm":"Path 1","ix":1,"d":1,"ks":{"a":0,"k":{"c":false,"i":[[44.655,99.736],[44.655,90.952]],"o":[[44.655,99.736],[44.655,90.952]],"v":[[44.655,99.736],[44.655,90.952]]},"ix":2}},{"ty":"st","bm":0,"cl":"","ln":"","hd":false,"mn":"ADBE Vector Graphic - Stroke","nm":"Stroke 1","lc":2,"lj":2,"ml":1,"o":{"a":0,"k":100,"ix":4},"w":{"a":0,"k":10.833,"ix":5},"d":[],"c":{"a":0,"k":[1,0.5569,0.2275,1],"ix":3}},{"ty":"tr","a":{"a":0,"k":[0,0],"ix":1},"s":{"a":0,"k":[100,100],"ix":3},"sk":{"a":0,"k":0,"ix":4},"p":{"a":0,"k":[0,0],"ix":2},"r":{"a":0,"k":0,"ix":6},"sa":{"a":0,"k":0,"ix":5},"o":{"a":0,"k":100,"ix":7}}]},{"ty":"gr","bm":0,"cl":"","ln":"","hd":false,"mn":"ADBE Vector Group","nm":"Group 2","ix":2,"cix":2,"np":2,"it":[{"ty":"sh","bm":0,"cl":"","ln":"","hd":false,"mn":"ADBE Vector Shape - Group","nm":"Path 1","ix":1,"d":1,"ks":{"a":0,"k":{"c":false,"i":[[44.655,18.299],[44.655,27.083]],"o":[[44.655,18.299],[44.655,27.083]],"v":[[44.655,18.299],[44.655,27.083]]},"ix":2}},{"ty":"st","bm":0,"cl":"","ln":"","hd":false,"mn":"ADBE Vector Graphic - Stroke","nm":"Stroke 1","lc":2,"lj":2,"ml":1,"o":{"a":0,"k":100,"ix":4},"w":{"a":0,"k":10.833,"ix":5},"d":[],"c":{"a":0,"k":[1,0.5569,0.2275,1],"ix":3}},{"ty":"tr","a":{"a":0,"k":[0,0],"ix":1},"s":{"a":0,"k":[100,100],"ix":3},"sk":{"a":0,"k":0,"ix":4},"p":{"a":0,"k":[0,0],"ix":2},"r":{"a":0,"k":0,"ix":6},"sa":{"a":0,"k":0,"ix":5},"o":{"a":0,"k":100,"ix":7}}]},{"ty":"gr","bm":0,"cl":"","ln":"","hd":false,"mn":"ADBE Vector Group","nm":"Group 3","ix":3,"cix":2,"np":2,"it":[{"ty":"sh","bm":0,"cl":"","ln":"","hd":false,"mn":"ADBE Vector Shape - Group","nm":"Path 1","ix":1,"d":1,"ks":{"a":0,"k":{"c":false,"i":[[-16.39,21.667],[-7.465000000000001,31.935],[17.604,24.788],[12.383999999999999,0],[-17.604,-7.148999999999999],[-9.737,-31.935],[13.865,-27.671]],"o":[[-13.865,27.672],[9.737,31.935],[17.604,7.15],[-12.446,0],[-17.604,-24.787],[7.465000000000001,-31.935],[16.39,-21.666]],"v":[[-16.39,21.667],[0.031,31.935],[17.604,15.968],[-0.031,0],[-17.604,-15.968],[-0.031,-31.935],[16.39,-21.666]]},"ix":2}},{"ty":"st","bm":0,"cl":"","ln":"","hd":false,"mn":"ADBE Vector Graphic - Stroke","nm":"Stroke 1","lc":2,"lj":2,"ml":1,"o":{"a":0,"k":100,"ix":4},"w":{"a":0,"k":10.833,"ix":5},"d":[],"c":{"a":0,"k":[1,0.5569,0.2275,1],"ix":3}},{"ty":"tr","a":{"a":0,"k":[0,0],"ix":1},"s":{"a":0,"k":[100,100],"ix":3},"sk":{"a":0,"k":0,"ix":4},"p":{"a":0,"k":[44.686,59.017],"ix":2},"r":{"a":0,"k":0,"ix":6},"sa":{"a":0,"k":0,"ix":5},"o":{"a":0,"k":100,"ix":7}}]},{"ty":"tr","a":{"a":0,"k":[44.686,59.018],"ix":1},"s":{"a":1,"k":[{"o":{"x":0.9,"y":0},"i":{"x":0.1,"y":1},"s":[0,0],"t":60},{"o":{"x":0.9,"y":0},"i":{"x":0.1,"y":1},"s":[150,150],"t":80},{"o":{"x":0.9,"y":0},"i":{"x":0.1,"y":1},"s":[130,130],"t":95},{"o":{"x":0.167,"y":0.167},"i":{"x":0.833,"y":0.833},"s":[0,0],"t":115}],"ix":3},"sk":{"a":0,"k":0,"ix":4},"p":{"a":0,"k":[250,175],"ix":2},"r":{"a":1,"k":[{"o":{"x":0.9,"y":0},"i":{"x":0.1,"y":1},"s":[45],"t":60},{"o":{"x":0.167,"y":0.167},"i":{"x":0.833,"y":0.833},"s":[-180],"t":115}],"ix":6},"sa":{"a":0,"k":0,"ix":5},"o":{"a":0,"k":100,"ix":7}}]},{"ty":"gr","bm":0,"cl":"","ln":"","hd":false,"mn":"ADBE Vector Group","nm":"Coin","ix":2,"cix":2,"np":1,"it":[{"ty":"gr","bm":0,"cl":"","ln":"","hd":false,"mn":"ADBE Vector Group","nm":"Group 1","ix":1,"cix":2,"np":3,"it":[{"ty":"sh","bm":0,"cl":"","ln":"","hd":false,"mn":"ADBE Vector Shape - Group","nm":"Path 1","ix":1,"d":1,"ks":{"a":0,"k":{"c":true,"i":[[65,-35.898],[35.898,65],[-65,35.898],[-35.899,-65]],"o":[[65,35.898],[-35.899,65],[-65,-35.898],[35.898,-65]],"v":[[65,0],[0,65],[-65,0],[0,-65]]},"ix":2}},{"ty":"st","bm":0,"cl":"","ln":"","hd":false,"mn":"ADBE Vector Graphic - Stroke","nm":"Stroke 1","lc":2,"lj":2,"ml":1,"o":{"a":0,"k":100,"ix":4},"w":{"a":0,"k":10.833,"ix":5},"d":[],"c":{"a":0,"k":[1,0.5569,0.2275,1],"ix":3}},{"ty":"fl","bm":0,"cl":"","ln":"","hd":false,"mn":"ADBE Vector Graphic - Fill","nm":"Fill 1","c":{"a":0,"k":[1,0.6713,0.42,1],"ix":4},"r":1,"o":{"a":0,"k":100,"ix":5}},{"ty":"tr","a":{"a":0,"k":[0,0],"ix":1},"s":{"a":0,"k":[100,100],"ix":3},"sk":{"a":0,"k":0,"ix":4},"p":{"a":0,"k":[92.082,92.082],"ix":2},"r":{"a":0,"k":0,"ix":6},"sa":{"a":0,"k":0,"ix":5},"o":{"a":0,"k":100,"ix":7}}]},{"ty":"tr","a":{"a":0,"k":[92.082,92.082],"ix":1},"s":{"a":1,"k":[{"o":{"x":0.9,"y":0},"i":{"x":0.1,"y":1},"s":[0,0],"t":55},{"o":{"x":0.9,"y":0},"i":{"x":0.1,"y":1},"s":[150,150],"t":75},{"o":{"x":0.9,"y":0},"i":{"x":0.1,"y":1},"s":[130,130],"t":95},{"o":{"x":0.167,"y":0.167},"i":{"x":0.833,"y":0.833},"s":[0,0],"t":115}],"ix":3},"sk":{"a":0,"k":0,"ix":4},"p":{"a":0,"k":[250,175],"ix":2},"r":{"a":0,"k":0,"ix":6},"sa":{"a":0,"k":0,"ix":5},"o":{"a":0,"k":100,"ix":7}}]}],"ind":1,"completed":true},{"ty":4,"nm":"Box","mn":"","sr":1,"st":0,"op":150,"ip":0,"hd":false,"cl":"","ln":"","ddd":0,"bm":0,"tt":0,"hasMask":false,"td":0,"ao":0,"ks":{"a":{"a":0,"k":[115.25,150.25,0],"ix":1},"s":{"a":1,"k":[{"o":{"x":0.9,"y":0},"i":{"x":0.1,"y":1},"s":[100,100,100],"t":15},{"o":{"x":0.9,"y":0},"i":{"x":0.1,"y":1},"s":[70,70,100],"t":35},{"o":{"x":0.9,"y":0},"i":{"x":0.1,"y":1},"s":[70,70,100],"t":55},{"o":{"x":0.9,"y":0},"i":{"x":0.1,"y":1},"s":[0,0,100],"t":70},{"o":{"x":0.9,"y":0},"i":{"x":0.1,"y":1},"s":[0,0,100],"t":100},{"o":{"x":0.9,"y":0},"i":{"x":0.1,"y":1},"s":[125,125,100],"t":135},{"o":{"x":0.167,"y":0.167},"i":{"x":0.833,"y":0.833},"s":[100,100,100],"t":150}],"ix":6},"sk":{"a":0,"k":0},"p":{"a":1,"k":[{"o":{"x":0.9,"y":0},"i":{"x":0.1,"y":1},"s":[190,250,0],"t":0},{"o":{"x":0.9,"y":0},"i":{"x":0.1,"y":1},"s":[160,250,0],"t":15},{"o":{"x":0.9,"y":0.9},"i":{"x":0.1,"y":0.1},"s":[240,250,0],"t":35},{"o":{"x":0.9,"y":0},"i":{"x":0.1,"y":1},"s":[240,250,0],"t":60},{"o":{"x":0.9,"y":0.9},"i":{"x":0.1,"y":0.1},"s":[250,250,0],"t":70},{"o":{"x":0.9,"y":0},"i":{"x":0.1,"y":1},"s":[250,250,0],"t":100},{"o":{"x":0.167,"y":0.167},"i":{"x":0.833,"y":0.833},"s":[190,250,0],"t":115}],"ix":2},"sa":{"a":0,"k":0},"o":{"a":0,"k":100,"ix":11},"r":{"a":1,"k":[{"o":{"x":0.9,"y":0},"i":{"x":0.1,"y":1},"s":[0],"t":25},{"o":{"x":0.9,"y":0},"i":{"x":0.1,"y":1},"s":[10],"t":35},{"o":{"x":0.9,"y":0},"i":{"x":0.1,"y":1},"s":[-10],"t":40},{"o":{"x":0.9,"y":0},"i":{"x":0.1,"y":1},"s":[10],"t":45},{"o":{"x":0.9,"y":0},"i":{"x":0.1,"y":1},"s":[-10],"t":50},{"o":{"x":0.9,"y":0},"i":{"x":0.1,"y":1},"s":[10],"t":55},{"o":{"x":0.167,"y":0.167},"i":{"x":0.833,"y":0.833},"s":[0],"t":70}],"ix":10}},"ef":[],"shapes":[{"ty":"gr","bm":0,"cl":"","ln":"","hd":false,"mn":"ADBE Vector Group","nm":"Group 1","ix":1,"cix":2,"np":2,"it":[{"ty":"sh","bm":0,"cl":"","ln":"","hd":false,"mn":"ADBE Vector Shape - Group","nm":"Path 1","ix":1,"d":1,"ks":{"a":0,"k":{"c":true,"i":[[-25.397,-55.163],[25.398,-55.163],[25.398,55.163],[-25.397,55.163]],"o":[[-25.397,-55.163],[25.398,-55.163],[25.398,55.163],[-25.397,55.163]],"v":[[-25.397,-55.163],[25.398,-55.163],[25.398,55.163],[-25.397,55.163]]},"ix":2},"_render":true},{"ty":"fl","bm":0,"cl":"","ln":"","hd":false,"mn":"ADBE Vector Graphic - Fill","nm":"Fill 1","c":{"a":0,"k":[0.3914,0.1866,0.8334,1],"ix":4},"r":1,"o":{"a":0,"k":100,"ix":5},"_render":true},{"ty":"tr","a":{"a":0,"k":[0,0],"ix":1},"s":{"a":0,"k":[100,100],"ix":3},"sk":{"a":0,"k":0,"ix":4},"p":{"a":0,"k":[147.08,104.808],"ix":2},"r":{"a":0,"k":0,"ix":6},"sa":{"a":0,"k":0,"ix":5},"o":{"a":0,"k":100,"ix":7},"_render":true}],"_render":true},{"ty":"gr","bm":0,"cl":"","ln":"","hd":false,"mn":"ADBE Vector Group","nm":"Group 2","ix":2,"cix":2,"np":2,"it":[{"ty":"sh","bm":0,"cl":"","ln":"","hd":false,"mn":"ADBE Vector Shape - Group","nm":"Path 1","ix":1,"d":1,"ks":{"a":0,"k":{"c":true,"i":[[83.282,-125.302],[-83.282,-125.302],[-83.282,125.302],[83.282,125.302]],"o":[[83.282,-125.302],[-83.282,-125.302],[-83.282,125.302],[83.282,125.302]],"v":[[83.282,-125.302],[-83.282,-125.302],[-83.282,125.302],[83.282,125.302]]},"ix":2},"_render":true},{"ty":"fl","bm":0,"cl":"","ln":"","hd":false,"mn":"ADBE Vector Graphic - Fill","nm":"Fill 1","c":{"a":0,"k":[1,0.6713,0.42,1],"ix":4},"r":1,"o":{"a":0,"k":100,"ix":5},"_render":true},{"ty":"tr","a":{"a":0,"k":[0,0],"ix":1},"s":{"a":0,"k":[100,100],"ix":3},"sk":{"a":0,"k":0,"ix":4},"p":{"a":0,"k":[146.968,174.948],"ix":2},"r":{"a":0,"k":0,"ix":6},"sa":{"a":0,"k":0,"ix":5},"o":{"a":0,"k":100,"ix":7},"_render":true}],"_render":true},{"ty":"gr","bm":0,"cl":"","ln":"","hd":false,"mn":"ADBE Vector Group","nm":"Group 3","ix":3,"cix":2,"np":2,"it":[{"ty":"sh","bm":0,"cl":"","ln":"","hd":false,"mn":"ADBE Vector Shape - Group","nm":"Path 1","ix":1,"d":1,"ks":{"a":0,"k":{"c":true,"i":[[-6.327,-24.698],[-57.115,-24.698],[6.32,24.698],[57.115,24.698]],"o":[[-6.327,-24.698],[-57.115,-24.698],[6.32,24.698],[57.115,24.698]],"v":[[-6.327,-24.698],[-57.115,-24.698],[6.32,24.698],[57.115,24.698]]},"ix":2},"_render":true},{"ty":"fl","bm":0,"cl":"","ln":"","hd":false,"mn":"ADBE Vector Graphic - Fill","nm":"Fill 1","c":{"a":0,"k":[0.3914,0.1866,0.8334,1],"ix":4},"r":1,"o":{"a":0,"k":100,"ix":5},"_render":true},{"ty":"tr","a":{"a":0,"k":[0,0],"ix":1},"s":{"a":0,"k":[100,100],"ix":3},"sk":{"a":0,"k":0,"ix":4},"p":{"a":0,"k":[115.327,24.948],"ix":2},"r":{"a":0,"k":0,"ix":6},"sa":{"a":0,"k":0,"ix":5},"o":{"a":0,"k":100,"ix":7},"_render":true}],"_render":true},{"ty":"gr","bm":0,"cl":"","ln":"","hd":false,"mn":"ADBE Vector Group","nm":"Group 4","ix":4,"cix":2,"np":2,"it":[{"ty":"sh","bm":0,"cl":"","ln":"","hd":false,"mn":"ADBE Vector Shape - Group","nm":"Path 1","ix":1,"d":1,"ks":{"a":0,"k":{"c":true,"i":[[51.558,-24.698],[-115,-24.698],[-51.564,24.698],[115,24.698]],"o":[[51.558,-24.698],[-115,-24.698],[-51.564,24.698],[115,24.698]],"v":[[51.558,-24.698],[-115,-24.698],[-51.564,24.698],[115,24.698]]},"ix":2},"_render":true},{"ty":"fl","bm":0,"cl":"","ln":"","hd":false,"mn":"ADBE Vector Graphic - Fill","nm":"Fill 1","c":{"a":0,"k":[1,0.5569,0.2275,1],"ix":4},"r":1,"o":{"a":0,"k":100,"ix":5},"_render":true},{"ty":"tr","a":{"a":0,"k":[0,0],"ix":1},"s":{"a":0,"k":[100,100],"ix":3},"sk":{"a":0,"k":0,"ix":4},"p":{"a":0,"k":[115.25,24.948],"ix":2},"r":{"a":0,"k":0,"ix":6},"sa":{"a":0,"k":0,"ix":5},"o":{"a":0,"k":100,"ix":7},"_render":true}],"_render":true},{"ty":"gr","bm":0,"cl":"","ln":"","hd":false,"mn":"ADBE Vector Group","nm":"Group 5","ix":5,"cix":2,"np":2,"it":[{"ty":"sh","bm":0,"cl":"","ln":"","hd":false,"mn":"ADBE Vector Shape - Group","nm":"Path 1","ix":1,"d":1,"ks":{"a":0,"k":{"c":true,"i":[[31.718,150],[-31.718,100.604],[-31.718,-150],[31.718,-100.604]],"o":[[31.718,150],[-31.718,100.604],[-31.718,-150],[31.718,-100.604]],"v":[[31.718,150],[-31.718,100.604],[-31.718,-150],[31.718,-100.604]]},"ix":2},"_render":true},{"ty":"fl","bm":0,"cl":"","ln":"","hd":false,"mn":"ADBE Vector Graphic - Fill","nm":"Fill 1","c":{"a":0,"k":[0.9685,0.6075,0.3315,1],"ix":4},"r":1,"o":{"a":0,"k":100,"ix":5},"_render":true},{"ty":"tr","a":{"a":0,"k":[0,0],"ix":1},"s":{"a":0,"k":[100,100],"ix":3},"sk":{"a":0,"k":0,"ix":4},"p":{"a":0,"k":[31.968,150.25],"ix":2},"r":{"a":0,"k":0,"ix":6},"sa":{"a":0,"k":0,"ix":5},"o":{"a":0,"k":100,"ix":7},"_render":true}],"_render":true}],"ind":2,"completed":true},{"ty":4,"nm":"Arrow","mn":"","sr":1,"st":0,"op":150,"ip":0,"hd":false,"cl":"","ln":"","ddd":0,"bm":0,"tt":0,"hasMask":false,"td":0,"ao":0,"ks":{"a":{"a":0,"k":[23.695,25.213,0],"ix":1},"s":{"a":0,"k":[100,100,100],"ix":6},"sk":{"a":0,"k":0},"p":{"a":0,"k":[218.184,56.788,0],"ix":2},"sa":{"a":0,"k":0},"o":{"a":0,"k":100,"ix":11},"r":{"a":0,"k":0,"ix":10}},"ef":[],"shapes":[{"ty":"gr","bm":0,"cl":"","ln":"","hd":false,"mn":"ADBE Vector Group","nm":"Group 1","ix":1,"cix":2,"np":2,"it":[{"ty":"sh","bm":0,"cl":"","ln":"","hd":false,"mn":"ADBE Vector Shape - Group","nm":"Path 1","ix":1,"d":1,"ks":{"a":0,"k":{"c":true,"i":[[23.445,-24.963],[-23.445,-6.338],[16.124,24.963]],"o":[[23.445,-24.963],[-23.445,-6.338],[16.124,24.963]],"v":[[23.445,-24.963],[-23.445,-6.338],[16.124,24.963]]},"ix":2},"_render":true},{"ty":"fl","bm":0,"cl":"","ln":"","hd":false,"mn":"ADBE Vector Graphic - Fill","nm":"Fill 1","c":{"a":0,"k":[0.6118,0.451,0.9725,1],"ix":4},"r":1,"o":{"a":0,"k":100,"ix":5},"_render":true},{"ty":"tr","a":{"a":0,"k":[0,0],"ix":1},"s":{"a":0,"k":[100,100],"ix":3},"sk":{"a":0,"k":0,"ix":4},"p":{"a":0,"k":[23.695,25.213],"ix":2},"r":{"a":0,"k":0,"ix":6},"sa":{"a":0,"k":0,"ix":5},"o":{"a":0,"k":100,"ix":7},"_render":true}],"_render":true}],"ind":3,"parent":4,"completed":true},{"ty":4,"nm":"Line","mn":"","sr":1,"st":0,"op":150,"ip":0,"hd":false,"cl":"","ln":"","ddd":0,"bm":0,"tt":0,"hasMask":false,"td":0,"ao":0,"ks":{"a":{"a":0,"k":[195.174,192.725,0],"ix":1},"s":{"a":0,"k":[100,100,100],"ix":6},"sk":{"a":0,"k":0},"p":{"a":0,"k":[50,50,0],"ix":2},"sa":{"a":0,"k":0},"o":{"a":0,"k":100,"ix":11},"r":{"a":0,"k":0,"ix":10}},"ef":[],"shapes":[{"ty":"gr","bm":0,"cl":"","ln":"","hd":false,"mn":"ADBE Vector Group","nm":"Group 1","ix":1,"cix":2,"np":2,"it":[{"ty":"sh","bm":0,"cl":"","ln":"","hd":false,"mn":"ADBE Vector Shape - Group","nm":"Path 1","ix":1,"d":1,"ks":{"a":0,"k":{"c":false,"i":[[-58.974,-129.413],[-140.20700000000002,-58.339],[-76.91699999999999,137.86],[140.20700000000002,74.41999999999999],[95.47800000000001,-122.17600000000002]],"o":[[-106.98599999999999,-107.08000000000001],[-139.791,75.398],[77.72200000000001,137.31900000000002],[139.76500000000001,-67.768],[35.561,-137.859]],"v":[[-58.974,-129.413],[-140.032,-1.921],[0.403,137.59],[139.967,-2.9],[35.561,-137.859]]},"ix":2},"_render":true},{"ty":"st","bm":0,"cl":"","ln":"","hd":false,"mn":"ADBE Vector Graphic - Stroke","nm":"Stroke 1","lc":1,"lj":1,"ml":10,"o":{"a":0,"k":100,"ix":4},"w":{"a":0,"k":22,"ix":5},"d":[],"c":{"a":0,"k":[0.3407,0.1175,0.8225,1],"ix":3},"_render":true},{"ty":"tr","a":{"a":0,"k":[0,0],"ix":1},"s":{"a":0,"k":[100,100],"ix":3},"sk":{"a":0,"k":0,"ix":4},"p":{"a":0,"k":[195.207,192.859],"ix":2},"r":{"a":0,"k":0,"ix":6},"sa":{"a":0,"k":0,"ix":5},"o":{"a":0,"k":100,"ix":7},"_render":true}],"_render":true},{"ty":"tm","bm":0,"cl":"","ln":"","hd":false,"mn":"ADBE Vector Filter - Trim","nm":"Trim Paths 1","ix":2,"e":{"a":0,"k":100,"ix":2},"o":{"a":0,"k":0,"ix":3},"s":{"a":1,"k":[{"o":{"x":0.9,"y":0},"i":{"x":0.1,"y":1},"s":[0],"t":0},{"o":{"x":0.9,"y":0},"i":{"x":0.1,"y":1},"s":[10],"t":15},{"o":{"x":0.167,"y":0.167},"i":{"x":0.833,"y":0.833},"s":[0],"t":30}],"ix":1},"m":1,"_render":true}],"ind":4,"parent":5,"completed":true},{"ty":3,"nm":"Move","mn":"","sr":1,"st":0,"op":150,"ip":0,"hd":false,"cl":"","ln":"","ddd":0,"bm":0,"tt":0,"hasMask":false,"td":0,"ao":0,"ks":{"a":{"a":0,"k":[50,50,0],"ix":1},"s":{"a":1,"k":[{"o":{"x":0.9,"y":0},"i":{"x":0.1,"y":1},"s":[100,100,100],"t":50},{"o":{"x":0.9,"y":0},"i":{"x":0.1,"y":1},"s":[115,115,100],"t":60},{"o":{"x":0.9,"y":0},"i":{"x":0.1,"y":1},"s":[115,115,100],"t":95},{"o":{"x":0.167,"y":0.167},"i":{"x":0.833,"y":0.833},"s":[100,100,100],"t":135}],"ix":6},"sk":{"a":0,"k":0},"p":{"a":1,"k":[{"o":{"x":0.9,"y":0},"i":{"x":0.1,"y":1},"s":[285,245,0],"t":0},{"o":{"x":0.9,"y":0},"i":{"x":0.1,"y":1},"s":[305,245,0],"t":15},{"o":{"x":0.9,"y":0.9},"i":{"x":0.1,"y":0.1},"s":[250,250,0],"t":35},{"o":{"x":0.9,"y":0},"i":{"x":0.1,"y":1},"s":[250,250,0],"t":95},{"o":{"x":0.167,"y":0.167},"i":{"x":0.833,"y":0.833},"s":[285,245,0],"t":135}],"ix":2},"sa":{"a":0,"k":0},"o":{"a":0,"k":0,"ix":11},"r":{"a":1,"k":[{"o":{"x":0.6,"y":0},"i":{"x":0.4,"y":1},"s":[0],"t":15},{"o":{"x":0.167,"y":0.167},"i":{"x":0.833,"y":0.833},"s":[-720],"t":135}],"ix":10}},"ef":[],"ind":5,"completed":true}],"ddd":0,"h":500,"w":500,"meta":{"a":"","k":"","d":"","g":"LottieFiles AE 0.1.21","tc":"#ffffff"},"v":"5.5.7","fr":30,"op":150,"ip":0,"assets":[],"__complete":true}